dataset,rmse
train,0.7075643479163296
test,0.753862527953168
